{"inputUnits":[63],"outputUnits":5,"inputs":{"0":{"dtype":"number","min":0.27218350768089294,"max":0.9478963017463684},"1":{"dtype":"number","min":0.3716927170753479,"max":0.7191014289855957},"2":{"dtype":"number","min":-5.818970407744928e-7,"max":5.584502673627867e-7},"3":{"dtype":"number","min":0.23356285691261292,"max":0.9019665718078613},"4":{"dtype":"number","min":0.3217938542366028,"max":0.7074729204177856},"5":{"dtype":"number","min":-0.05235409736633301,"max":0.04337376728653908},"6":{"dtype":"number","min":0.19595472514629364,"max":0.8884594440460205},"7":{"dtype":"number","min":0.2337093949317932,"max":0.6674960851669312},"8":{"dtype":"number","min":-0.07604745775461197,"max":0.05086766183376312},"9":{"dtype":"number","min":0.16676707565784454,"max":0.9063626527786255},"10":{"dtype":"number","min":0.19120587408542633,"max":0.6223311424255371},"11":{"dtype":"number","min":-0.09512947499752045,"max":0.04814261198043823},"12":{"dtype":"number","min":0.13611729443073273,"max":0.9277526140213013},"13":{"dtype":"number","min":0.1670292168855667,"max":0.5901753902435303},"14":{"dtype":"number","min":-0.11224716156721115,"max":0.05017327517271042},"15":{"dtype":"number","min":0.19984304904937744,"max":0.9348025321960449},"16":{"dtype":"number","min":0.15824252367019653,"max":0.5473431348800659},"17":{"dtype":"number","min":-0.05100619047880173,"max":0.03902006894350052},"18":{"dtype":"number","min":0.19031906127929688,"max":0.9384605884552002},"19":{"dtype":"number","min":0.09241905808448792,"max":0.4637695550918579},"20":{"dtype":"number","min":-0.07574287056922913,"max":0.04247917979955673},"21":{"dtype":"number","min":0.19315630197525024,"max":0.9441653490066528},"22":{"dtype":"number","min":0.10155753791332245,"max":0.433208167552948},"23":{"dtype":"number","min":-0.09562055766582489,"max":0.041994255036115646},"24":{"dtype":"number","min":0.19947528839111328,"max":0.9509986042976379},"25":{"dtype":"number","min":0.10772372782230377,"max":0.465658038854599},"26":{"dtype":"number","min":-0.11028283834457397,"max":0.041735634207725525},"27":{"dtype":"number","min":0.2280195653438568,"max":0.978807270526886},"28":{"dtype":"number","min":0.15573656558990479,"max":0.5497300028800964},"29":{"dtype":"number","min":-0.05513887479901314,"max":0.0215090773999691},"30":{"dtype":"number","min":0.22917750477790833,"max":0.9953514337539673},"31":{"dtype":"number","min":0.08463937044143677,"max":0.4367583394050598},"32":{"dtype":"number","min":-0.07156413793563843,"max":0.02799617126584053},"33":{"dtype":"number","min":0.21057088673114777,"max":1.0037888288497925},"34":{"dtype":"number","min":0.12324954569339752,"max":0.41082167625427246},"35":{"dtype":"number","min":-0.08362414687871933,"max":0.02864273265004158},"36":{"dtype":"number","min":0.19161470234394073,"max":1.0151257514953613},"37":{"dtype":"number","min":0.12230199575424194,"max":0.42692330479621887},"38":{"dtype":"number","min":-0.09961936622858047,"max":0.027252625674009323},"39":{"dtype":"number","min":0.2579733729362488,"max":1.0116918087005615},"40":{"dtype":"number","min":0.16932883858680725,"max":0.5564846396446228},"41":{"dtype":"number","min":-0.06294194608926773,"max":0.019737504422664642},"42":{"dtype":"number","min":0.23279699683189392,"max":1.0307185649871826},"43":{"dtype":"number","min":0.10221701860427856,"max":0.45982155203819275},"44":{"dtype":"number","min":-0.07795026153326035,"max":0.016341116279363632},"45":{"dtype":"number","min":0.20546776056289673,"max":1.0383000373840332},"46":{"dtype":"number","min":0.12532949447631836,"max":0.4514246881008148},"47":{"dtype":"number","min":-0.08762291818857193,"max":0.01251045148819685},"48":{"dtype":"number","min":0.18733172118663788,"max":1.0471091270446777},"49":{"dtype":"number","min":0.11832961440086365,"max":0.4915637671947479},"50":{"dtype":"number","min":-0.09436939656734467,"max":0.015284947119653225},"51":{"dtype":"number","min":0.24386531114578247,"max":1.0341839790344238},"52":{"dtype":"number","min":0.2003425657749176,"max":0.5658006072044373},"53":{"dtype":"number","min":-0.07990105450153351,"max":0.029910650104284286},"54":{"dtype":"number","min":0.2334965467453003,"max":1.0538123846054077},"55":{"dtype":"number","min":0.14748573303222656,"max":0.5175219774246216},"56":{"dtype":"number","min":-0.0924186110496521,"max":0.028372664004564285},"57":{"dtype":"number","min":0.21056833863258362,"max":1.059203028678894},"58":{"dtype":"number","min":0.13351306319236755,"max":0.4921186864376068},"59":{"dtype":"number","min":-0.09770198911428452,"max":0.01659744791686535},"60":{"dtype":"number","min":0.1932094693183899,"max":1.0644668340682983},"61":{"dtype":"number","min":0.12182892858982086,"max":0.4869630038738251},"62":{"dtype":"number","min":-0.10586699843406677,"max":0.020144516602158546}},"outputs":{"0":{"dtype":"string","min":0,"max":1,"uniqueValues":["1","2","3","4","5"],"legend":{"1":[1,0,0,0,0],"2":[0,1,0,0,0],"3":[0,0,1,0,0],"4":[0,0,0,1,0],"5":[0,0,0,0,1]}}},"isNormalized":true}